[
    {
        "name" : "Lesson1",
        "description" : "Стандартизация, сертификация и техническое документоведение",
        "teacher" : "И.Ю. Ермачкова"
    },
    {
        "name" : "Lesson2",
        "description" : "Экономика отрасли",
        "teacher" : "С.П. Кицына"
    },
    {
        "name" : "Lesson3",
        "description" : "Правовое обеспечение профессиональной деятельности",
        "teacher" : "Т.И. Позднякова"
    }
]
